content_id,description
1,"Funny cat video with hilarious meows"
2,"Beginner hip hop dance tutorial"
3,"Quick 10-minute healthy meal prep"
4,"Powerful speech on overcoming failure"
5,"Epic street basketball dunk compilation"
6,"Easy DIY home decor with dollar store items"
7,"Guitar tutorial for popular pop song"
8,"Mind-blowing science experiments for kids"
9,"Fashion tips for summer outfits"
10,"Productivity hacks for students"
11,"Aesthetic morning routine vlog"
12,"Cute puppy playing with baby"
13,"How to grow your own herbs at home"
14,"Short comedy skit about online dating"
15,"Behind-the-scenes of music video shoot"
16,"Top 5 Netflix shows to binge"
17,"Street artist painting a mural in 2 minutes"
18,"Motivational workout session with trainer"
19,"Satisfying slime crunch ASMR"
20,"Daily routine of a medical student"
21,"Lip-sync challenge to trending audio"
22,"Calm nature walk with relaxing sounds"
23,"How to do a perfect winged eyeliner"
24,"Bike stunt tricks compilation"
25,"Time-lapse of city skyline at night"
26,"DIY phone case using resin art"
27,"College dorm room makeover tour"
28,"How to meditate and reduce anxiety"
29,"Prank video gone wrong"
30,"Cute animal compilation (bunnies, puppies)"
31,"Speedrun cooking: ramen in 3 minutes"
32,"Skincare routine for glowing skin"
33,"Unboxing mystery tech gadget"
34,"Throwback 90s dance challenge"
35,"Travel vlog in Tokyo street markets"
36,"Pet bird talking like a human"
37,"Book review: Best thrillers of 2024"
38,"Drone footage of mountain sunrise"
39,"How to animate using your iPad"
40,"Street magic tricks that shock people"
41,"Voiceover of dramatic cat adventures"
42,"Clean girl makeup tutorial"
43,"Speed drawing of Marvel superheroes"
44,"Top 5 apps for better mental health"
45,"Unusual food combinations taste test"
46,"How to make whipped coffee at home"
47,"Surprising facts about deep ocean creatures"
48,"POV: Studying for finals with anxiety"
49,"Dance battle between two siblings"
50,"DIY mini plant terrarium tutorial"